debug0IAS51:debugYF1HSY,memory_test_18,
debug0IAS51:debugYF1HSY,memory_test_19,
debug0IAS51:debugYF1HSY,memory_test_12,
debug0IAS51:debugYF1HSY,memory_test_13,
debug0IAS51:debugYF1HSY,memory_test_10,
debug0IAS51:debugYF1HSY,memory_test_11,
debug0IAS51:debugYF1HSY,memory_test_16,
debug0IAS51:debugYF1HSY,memory_test_17,
debug0IAS51:debugYF1HSY,memory_test_14,
debug0IAS51:debugYF1HSY,memory_test_15,
debug0IAS51:debugYF1HSY,memory_test_1,no
debug0IAS51:debugYF1HSY,memory_test_2,
debug0IAS51:debugYF1HSY,memory_test_20,
debug0IAS51:debugYF1HSY,memory_test_4,
debug0IAS51:debugYF1HSY,memory_test_5,
debug0IAS51:debugYF1HSY,memory_test_6,
debug0IAS51:debugYF1HSY,memory_test_3,
debug0IAS51:debugYF1HSY,memory_test_8,
debug0IAS51:debugYF1HSY,memory_test_9,
debug0IAS51:debugYF1HSY,memory_test_7,
debugO3473V:debugP6KDEJ,memory_test_18,knew
debugO3473V:debugP6KDEJ,memory_test_19,like
debugO3473V:debugP6KDEJ,memory_test_12,clipboard
debugO3473V:debugP6KDEJ,memory_test_13,wilson
debugO3473V:debugP6KDEJ,memory_test_10,baked
debugO3473V:debugP6KDEJ,memory_test_11,the
debugO3473V:debugP6KDEJ,memory_test_16,sprayed
debugO3473V:debugP6KDEJ,memory_test_17,behind
debugO3473V:debugP6KDEJ,memory_test_14,read
debugO3473V:debugP6KDEJ,memory_test_15,carefully
debugO3473V:debugP6KDEJ,memory_test_1,sailboat
debugO3473V:debugP6KDEJ,memory_test_2,curator
debugO3473V:debugP6KDEJ,memory_test_20,museum
debugO3473V:debugP6KDEJ,memory_test_4,home plate
debugO3473V:debugP6KDEJ,memory_test_5,son
debugO3473V:debugP6KDEJ,memory_test_6,seats
debugO3473V:debugP6KDEJ,memory_test_3,exhibit
debugO3473V:debugP6KDEJ,memory_test_8,carroll
debugO3473V:debugP6KDEJ,memory_test_9,cake
debugO3473V:debugP6KDEJ,memory_test_7,heavy
debugIVHCJI:debugBLTS1Q,memory_test_18,
debugIVHCJI:debugBLTS1Q,memory_test_19,
debugIVHCJI:debugBLTS1Q,memory_test_12,
debugIVHCJI:debugBLTS1Q,memory_test_13,
debugIVHCJI:debugBLTS1Q,memory_test_10,
debugIVHCJI:debugBLTS1Q,memory_test_11,
debugIVHCJI:debugBLTS1Q,memory_test_16,
debugIVHCJI:debugBLTS1Q,memory_test_17,
debugIVHCJI:debugBLTS1Q,memory_test_14,
debugIVHCJI:debugBLTS1Q,memory_test_15,
debugIVHCJI:debugBLTS1Q,memory_test_1,Suzan crawled sailboat cake baked mechanics sweat off brow the piano audience carroll barren 
debugIVHCJI:debugBLTS1Q,memory_test_2,
debugIVHCJI:debugBLTS1Q,memory_test_20,
debugIVHCJI:debugBLTS1Q,memory_test_4,
debugIVHCJI:debugBLTS1Q,memory_test_5,
debugIVHCJI:debugBLTS1Q,memory_test_6,
debugIVHCJI:debugBLTS1Q,memory_test_3,
debugIVHCJI:debugBLTS1Q,memory_test_8,
debugIVHCJI:debugBLTS1Q,memory_test_9,
debugIVHCJI:debugBLTS1Q,memory_test_7,
debugX600X5:debug5OQ44Z,memory_test_18,
debugX600X5:debug5OQ44Z,memory_test_19,
debugX600X5:debug5OQ44Z,memory_test_12,
debugX600X5:debug5OQ44Z,memory_test_13,
debugX600X5:debug5OQ44Z,memory_test_10,
debugX600X5:debug5OQ44Z,memory_test_11,
debugX600X5:debug5OQ44Z,memory_test_16,
debugX600X5:debug5OQ44Z,memory_test_17,
debugX600X5:debug5OQ44Z,memory_test_14,
debugX600X5:debug5OQ44Z,memory_test_15,
debugX600X5:debug5OQ44Z,memory_test_1,home plate led them to
debugX600X5:debug5OQ44Z,memory_test_2,airplane window glimpse 
debugX600X5:debug5OQ44Z,memory_test_20,
debugX600X5:debug5OQ44Z,memory_test_4,pyrankjsfnhkjfksbv
debugX600X5:debug5OQ44Z,memory_test_5,susan
debugX600X5:debug5OQ44Z,memory_test_6,the 
debugX600X5:debug5OQ44Z,memory_test_3,robots 
debugX600X5:debug5OQ44Z,memory_test_8,would 
debugX600X5:debug5OQ44Z,memory_test_9,
debugX600X5:debug5OQ44Z,memory_test_7,she knew they would like the cake she baked 
debugWADB3R:debug5J42VM,memory_test_18,
debugWADB3R:debug5J42VM,memory_test_19,
debugWADB3R:debug5J42VM,memory_test_12,
debugWADB3R:debug5J42VM,memory_test_13,
debugWADB3R:debug5J42VM,memory_test_10,
debugWADB3R:debug5J42VM,memory_test_11,
debugWADB3R:debug5J42VM,memory_test_16,
debugWADB3R:debug5J42VM,memory_test_17,
debugWADB3R:debug5J42VM,memory_test_14,
debugWADB3R:debug5J42VM,memory_test_15,
debugWADB3R:debug5J42VM,memory_test_20,
debugWADB3R:debug5J42VM,memory_test_1,
debugWADB3R:debug5J42VM,memory_test_2,
debugWADB3R:debug5J42VM,memory_test_3,
debugWADB3R:debug5J42VM,memory_test_4,
debugWADB3R:debug5J42VM,memory_test_5,
debugWADB3R:debug5J42VM,memory_test_6,
debugWADB3R:debug5J42VM,memory_test_7,
debugWADB3R:debug5J42VM,memory_test_8,
debugWADB3R:debug5J42VM,memory_test_9,
debugAC67A4:debug1J9FBK,memory_test_18,
debugAC67A4:debug1J9FBK,memory_test_19,
debugAC67A4:debug1J9FBK,memory_test_12,
debugAC67A4:debug1J9FBK,memory_test_13,
debugAC67A4:debug1J9FBK,memory_test_10,
debugAC67A4:debug1J9FBK,memory_test_11,
debugAC67A4:debug1J9FBK,memory_test_16,
debugAC67A4:debug1J9FBK,memory_test_17,
debugAC67A4:debug1J9FBK,memory_test_14,
debugAC67A4:debug1J9FBK,memory_test_15,
debugAC67A4:debug1J9FBK,memory_test_20,
debugAC67A4:debug1J9FBK,memory_test_1,group ascending trail 
debugAC67A4:debug1J9FBK,memory_test_2,rosa 
debugAC67A4:debug1J9FBK,memory_test_3,suzan caught a glimpse of the beach from the airplane window
debugAC67A4:debug1J9FBK,memory_test_4,
debugAC67A4:debug1J9FBK,memory_test_5,
debugAC67A4:debug1J9FBK,memory_test_6,
debugAC67A4:debug1J9FBK,memory_test_7,
debugAC67A4:debug1J9FBK,memory_test_8,
debugAC67A4:debug1J9FBK,memory_test_9,
